IndexType,IndexUnique,Operation,ListType,numElements,ExperimentNumber,Duration,NumNodes
old,Unique,insert,random,100000,0,154,446
old,Unique,insert_write,random,100000,0,18,446
old,Unique,insert,random,100000,1,70,446
old,Unique,insert_write,random,100000,1,17,446
old,Unique,insert,random,100000,2,60,446
old,Unique,insert_write,random,100000,2,17,446
old,Unique,insert,random,100000,3,53,446
old,Unique,insert_write,random,100000,3,19,446
old,Unique,insert,random,100000,4,52,446
old,Unique,insert_write,random,100000,4,17,446
old,Unique,insert,random,100000,5,54,446
old,Unique,insert_write,random,100000,5,18,446
old,Unique,insert,random,100000,6,58,446
old,Unique,insert_write,random,100000,6,16,446
old,Unique,insert,random,100000,7,53,446
old,Unique,insert_write,random,100000,7,17,446
old,Unique,insert,random,100000,8,49,446
old,Unique,insert_write,random,100000,8,15,446
old,Unique,insert,random,100000,9,52,446
old,Unique,insert_write,random,100000,9,15,446
old,Unique,insert,random,100000,10,50,446
old,Unique,insert_write,random,100000,10,17,446
old,Unique,insert,random,500000,0,506,2250
old,Unique,insert_write,random,500000,0,105,2250
old,Unique,insert,random,500000,1,471,2250
old,Unique,insert_write,random,500000,1,95,2250
old,Unique,insert,random,500000,2,385,2250
old,Unique,insert_write,random,500000,2,74,2250
old,Unique,insert,random,500000,3,387,2250
old,Unique,insert_write,random,500000,3,92,2250
old,Unique,insert,random,500000,4,436,2250
old,Unique,insert_write,random,500000,4,99,2250
old,Unique,insert,random,500000,5,385,2250
old,Unique,insert_write,random,500000,5,153,2250
old,Unique,insert,random,500000,6,384,2250
old,Unique,insert_write,random,500000,6,141,2250
old,Unique,insert,random,500000,7,392,2250
old,Unique,insert_write,random,500000,7,95,2250
old,Unique,insert,random,500000,8,385,2250
old,Unique,insert_write,random,500000,8,105,2250
old,Unique,insert,random,500000,9,377,2250
old,Unique,insert_write,random,500000,9,82,2250
old,Unique,insert,random,500000,10,371,2250
old,Unique,insert_write,random,500000,10,84,2250
old,Unique,insert,random,1000000,0,1028,4524
old,Unique,insert_write,random,1000000,0,323,4524
old,Unique,insert,random,1000000,1,1215,4524
old,Unique,insert_write,random,1000000,1,84,4524
old,Unique,insert,random,1000000,2,841,4524
old,Unique,insert_write,random,1000000,2,257,4524
old,Unique,insert,random,1000000,3,1011,4524
old,Unique,insert_write,random,1000000,3,303,4524
old,Unique,insert,random,1000000,4,835,4524
old,Unique,insert_write,random,1000000,4,265,4524
old,Unique,insert,random,1000000,5,825,4524
old,Unique,insert_write,random,1000000,5,308,4524
old,Unique,insert,random,1000000,6,830,4524
old,Unique,insert_write,random,1000000,6,318,4524
old,Unique,insert,random,1000000,7,837,4524
old,Unique,insert_write,random,1000000,7,317,4524
old,Unique,insert,random,1000000,8,828,4524
old,Unique,insert_write,random,1000000,8,312,4524
old,Unique,insert,random,1000000,9,834,4524
old,Unique,insert_write,random,1000000,9,346,4524
old,Unique,insert,random,1000000,10,827,4524
old,Unique,insert_write,random,1000000,10,303,4524
old,Unique,insert,increasing,500000,0,42,1972
old,Unique,insert_write,increasing,500000,0,44,1972
old,Unique,insert,increasing,500000,1,45,1972
old,Unique,insert_write,increasing,500000,1,168,1972
old,Unique,insert,increasing,500000,2,45,1972
old,Unique,insert_write,increasing,500000,2,81,1972
old,Unique,insert,increasing,500000,3,43,1972
old,Unique,insert_write,increasing,500000,3,183,1972
old,Unique,insert,increasing,500000,4,44,1972
old,Unique,insert_write,increasing,500000,4,160,1972
old,Unique,insert,increasing,500000,5,44,1972
old,Unique,insert_write,increasing,500000,5,180,1972
old,Unique,insert,increasing,500000,6,46,1972
old,Unique,insert_write,increasing,500000,6,93,1972
old,Unique,insert,increasing,500000,7,44,1972
old,Unique,insert_write,increasing,500000,7,84,1972
old,Unique,insert,increasing,500000,8,44,1972
old,Unique,insert_write,increasing,500000,8,143,1972
old,Unique,insert,increasing,500000,9,97,1972
old,Unique,insert_write,increasing,500000,9,32,1972
old,Unique,insert,increasing,500000,10,43,1972
old,Unique,insert_write,increasing,500000,10,102,1972
old,Unique,insert,increasing,1000000,0,90,3945
old,Unique,insert_write,increasing,1000000,0,270,3945
old,Unique,insert,increasing,1000000,1,91,3945
old,Unique,insert_write,increasing,1000000,1,295,3945
old,Unique,insert,increasing,1000000,2,89,3945
old,Unique,insert_write,increasing,1000000,2,288,3945
old,Unique,insert,increasing,1000000,3,91,3945
old,Unique,insert_write,increasing,1000000,3,278,3945
old,Unique,insert,increasing,1000000,4,93,3945
old,Unique,insert_write,increasing,1000000,4,228,3945
old,Unique,insert,increasing,1000000,5,91,3945
old,Unique,insert_write,increasing,1000000,5,263,3945
old,Unique,insert,increasing,1000000,6,92,3945
old,Unique,insert_write,increasing,1000000,6,289,3945
old,Unique,insert,increasing,1000000,7,93,3945
old,Unique,insert_write,increasing,1000000,7,228,3945
old,Unique,insert,increasing,1000000,8,93,3945
old,Unique,insert_write,increasing,1000000,8,285,3945
old,Unique,insert,increasing,1000000,9,91,3945
old,Unique,insert_write,increasing,1000000,9,253,3945
old,Unique,insert,increasing,1000000,10,90,3945
old,Unique,insert_write,increasing,1000000,10,268,3945
old,Unique,insert,increasing,2000000,0,182,7890
old,Unique,insert_write,increasing,2000000,0,570,7890
old,Unique,insert,increasing,2000000,1,186,7890
old,Unique,insert_write,increasing,2000000,1,626,7890
old,Unique,insert,increasing,2000000,2,186,7890
old,Unique,insert_write,increasing,2000000,2,596,7890
old,Unique,insert,increasing,2000000,3,190,7890
old,Unique,insert_write,increasing,2000000,3,618,7890
old,Unique,insert,increasing,2000000,4,184,7890
old,Unique,insert_write,increasing,2000000,4,567,7890
old,Unique,insert,increasing,2000000,5,188,7890
old,Unique,insert_write,increasing,2000000,5,582,7890
old,Unique,insert,increasing,2000000,6,400,7890
old,Unique,insert_write,increasing,2000000,6,559,7890
old,Unique,insert,increasing,2000000,7,188,7890
old,Unique,insert_write,increasing,2000000,7,598,7890
old,Unique,insert,increasing,2000000,8,187,7890
old,Unique,insert_write,increasing,2000000,8,649,7890
old,Unique,insert,increasing,2000000,9,188,7890
old,Unique,insert_write,increasing,2000000,9,604,7890
old,Unique,insert,increasing,2000000,10,186,7890
old,Unique,insert_write,increasing,2000000,10,614,7890
old,Unique,search,increasing,100000,0,94,395
old,Unique,search,increasing,100000,1,22,395
old,Unique,search,increasing,100000,2,20,395
old,Unique,search,increasing,100000,3,17,395
old,Unique,search,increasing,100000,4,17,395
old,Unique,search,increasing,100000,5,58,395
old,Unique,search,increasing,100000,6,17,395
old,Unique,search,increasing,100000,7,17,395
old,Unique,search,increasing,100000,8,17,395
old,Unique,search,increasing,100000,9,17,395
old,Unique,search,increasing,100000,10,17,395
old,Unique,search,increasing,500000,0,134,1972
old,Unique,search,increasing,500000,1,94,1972
old,Unique,search,increasing,500000,2,94,1972
old,Unique,search,increasing,500000,3,152,1972
old,Unique,search,increasing,500000,4,93,1972
old,Unique,search,increasing,500000,5,101,1972
old,Unique,search,increasing,500000,6,93,1972
old,Unique,search,increasing,500000,7,102,1972
old,Unique,search,increasing,500000,8,93,1972
old,Unique,search,increasing,500000,9,102,1972
old,Unique,search,increasing,500000,10,93,1972
old,Unique,search,increasing,1000000,0,282,3945
old,Unique,search,increasing,1000000,1,296,3945
old,Unique,search,increasing,1000000,2,212,3945
old,Unique,search,increasing,1000000,3,208,3945
old,Unique,search,increasing,1000000,4,207,3945
old,Unique,search,increasing,1000000,5,214,3945
old,Unique,search,increasing,1000000,6,198,3945
old,Unique,search,increasing,1000000,7,208,3945
old,Unique,search,increasing,1000000,8,212,3945
old,Unique,search,increasing,1000000,9,209,3945
old,Unique,search,increasing,1000000,10,208,3945
old,Unique,remove,increasing,200000,0,112,129
old,Unique,remove,increasing,200000,1,79,122
old,Unique,remove,increasing,200000,2,77,127
old,Unique,remove,increasing,200000,3,77,128
old,Unique,remove,increasing,200000,4,77,126
old,Unique,remove,increasing,200000,5,80,126
old,Unique,remove,increasing,200000,6,83,127
old,Unique,remove,increasing,200000,7,80,132
old,Unique,remove,increasing,200000,8,79,129
old,Unique,remove,increasing,200000,9,77,127
old,Unique,remove,increasing,200000,10,79,134
old,Unique,remove,random,200000,0,82,128
old,Unique,remove,random,200000,1,81,127
old,Unique,remove,random,200000,2,84,125
old,Unique,remove,random,200000,3,81,128
old,Unique,remove,random,200000,4,80,126
old,Unique,remove,random,200000,5,80,124
old,Unique,remove,random,200000,6,80,129
old,Unique,remove,random,200000,7,81,129
old,Unique,remove,random,200000,8,80,129
old,Unique,remove,random,200000,9,80,125
old,Unique,remove,random,200000,10,82,128
old,Unique,remove,increasing,500000,0,290,326
old,Unique,remove,increasing,500000,1,296,320
old,Unique,remove,increasing,500000,2,290,317
old,Unique,remove,increasing,500000,3,290,325
old,Unique,remove,increasing,500000,4,299,320
old,Unique,remove,increasing,500000,5,290,318
old,Unique,remove,increasing,500000,6,294,318
old,Unique,remove,increasing,500000,7,297,322
old,Unique,remove,increasing,500000,8,293,314
old,Unique,remove,increasing,500000,9,300,320
old,Unique,remove,increasing,500000,10,291,318
old,Unique,remove,random,500000,0,305,317
old,Unique,remove,random,500000,1,304,312
old,Unique,remove,random,500000,2,300,316
old,Unique,remove,random,500000,3,303,314
old,Unique,remove,random,500000,4,296,314
old,Unique,remove,random,500000,5,308,313
old,Unique,remove,random,500000,6,300,313
old,Unique,remove,random,500000,7,302,310
old,Unique,remove,random,500000,8,302,321
old,Unique,remove,random,500000,9,298,316
old,Unique,remove,random,500000,10,295,325
old,Unique,remove,increasing,1000000,0,830,642
old,Unique,remove,increasing,1000000,1,826,635
old,Unique,remove,increasing,1000000,2,834,639
old,Unique,remove,increasing,1000000,3,832,634
old,Unique,remove,increasing,1000000,4,829,633
old,Unique,remove,increasing,1000000,5,828,628
old,Unique,remove,increasing,1000000,6,830,631
old,Unique,remove,increasing,1000000,7,824,634
old,Unique,remove,increasing,1000000,8,826,628
old,Unique,remove,increasing,1000000,9,836,634
old,Unique,remove,increasing,1000000,10,825,640
old,Unique,remove,random,1000000,0,837,627
old,Unique,remove,random,1000000,1,855,622
old,Unique,remove,random,1000000,2,833,629
old,Unique,remove,random,1000000,3,831,629
old,Unique,remove,random,1000000,4,837,624
old,Unique,remove,random,1000000,5,839,626
old,Unique,remove,random,1000000,6,832,639
old,Unique,remove,random,1000000,7,842,636
old,Unique,remove,random,1000000,8,836,627
old,Unique,remove,random,1000000,9,823,617
old,Unique,remove,random,1000000,10,843,636
old,nonUnique,insert,random,100000,0,67,460
old,nonUnique,insert_write,random,100000,0,6,460
old,nonUnique,insert,random,100000,1,54,460
old,nonUnique,insert_write,random,100000,1,6,460
old,nonUnique,insert,random,100000,2,50,460
old,nonUnique,insert_write,random,100000,2,7,460
old,nonUnique,insert,random,100000,3,75,460
old,nonUnique,insert_write,random,100000,3,6,460
old,nonUnique,insert,random,100000,4,52,460
old,nonUnique,insert_write,random,100000,4,6,460
old,nonUnique,insert,random,100000,5,52,460
old,nonUnique,insert_write,random,100000,5,7,460
old,nonUnique,insert,random,100000,6,50,460
old,nonUnique,insert_write,random,100000,6,6,460
old,nonUnique,insert,random,100000,7,50,460
old,nonUnique,insert_write,random,100000,7,6,460
old,nonUnique,insert,random,100000,8,53,460
old,nonUnique,insert_write,random,100000,8,147,460
old,nonUnique,insert,random,100000,9,51,460
old,nonUnique,insert_write,random,100000,9,6,460
old,nonUnique,insert,random,100000,10,49,460
old,nonUnique,insert_write,random,100000,10,7,460
old,nonUnique,insert,random,500000,0,403,2317
old,nonUnique,insert_write,random,500000,0,104,2317
old,nonUnique,insert,random,500000,1,383,2317
old,nonUnique,insert_write,random,500000,1,94,2317
old,nonUnique,insert,random,500000,2,381,2317
old,nonUnique,insert_write,random,500000,2,43,2317
old,nonUnique,insert,random,500000,3,384,2317
old,nonUnique,insert_write,random,500000,3,113,2317
old,nonUnique,insert,random,500000,4,377,2317
old,nonUnique,insert_write,random,500000,4,52,2317
old,nonUnique,insert,random,500000,5,374,2317
old,nonUnique,insert_write,random,500000,5,41,2317
old,nonUnique,insert,random,500000,6,377,2317
old,nonUnique,insert_write,random,500000,6,63,2317
old,nonUnique,insert,random,500000,7,376,2317
old,nonUnique,insert_write,random,500000,7,57,2317
old,nonUnique,insert,random,500000,8,414,2317
old,nonUnique,insert_write,random,500000,8,168,2317
old,nonUnique,insert,random,500000,9,385,2317
old,nonUnique,insert_write,random,500000,9,106,2317
old,nonUnique,insert,random,500000,10,376,2317
old,nonUnique,insert_write,random,500000,10,175,2317
old,nonUnique,insert,random,1000000,0,1112,4655
old,nonUnique,insert_write,random,1000000,0,562,4655
old,nonUnique,insert,random,1000000,1,867,4655
old,nonUnique,insert_write,random,1000000,1,596,4655
old,nonUnique,insert,random,1000000,2,873,4655
old,nonUnique,insert_write,random,1000000,2,1237,4655
old,nonUnique,insert,random,1000000,3,869,4655
old,nonUnique,insert_write,random,1000000,3,403,4655
old,nonUnique,insert,random,1000000,4,921,4655
old,nonUnique,insert_write,random,1000000,4,220,4655
old,nonUnique,insert,random,1000000,5,879,4655
old,nonUnique,insert_write,random,1000000,5,300,4655
old,nonUnique,insert,random,1000000,6,857,4655
old,nonUnique,insert_write,random,1000000,6,252,4655
old,nonUnique,insert,random,1000000,7,857,4655
old,nonUnique,insert_write,random,1000000,7,278,4655
old,nonUnique,insert,random,1000000,8,856,4655
old,nonUnique,insert_write,random,1000000,8,247,4655
old,nonUnique,insert,random,1000000,9,855,4655
old,nonUnique,insert_write,random,1000000,9,234,4655
old,nonUnique,insert,random,1000000,10,859,4655
old,nonUnique,insert_write,random,1000000,10,194,4655
old,nonUnique,insert,increasing,500000,0,61,1988
old,nonUnique,insert_write,increasing,500000,0,115,1988
old,nonUnique,insert,increasing,500000,1,64,1988
old,nonUnique,insert_write,increasing,500000,1,83,1988
old,nonUnique,insert,increasing,500000,2,63,1988
old,nonUnique,insert_write,increasing,500000,2,101,1988
old,nonUnique,insert,increasing,500000,3,61,1988
old,nonUnique,insert_write,increasing,500000,3,73,1988
old,nonUnique,insert,increasing,500000,4,62,1988
old,nonUnique,insert_write,increasing,500000,4,114,1988
old,nonUnique,insert,increasing,500000,5,105,1988
old,nonUnique,insert_write,increasing,500000,5,78,1988
old,nonUnique,insert,increasing,500000,6,63,1988
old,nonUnique,insert_write,increasing,500000,6,96,1988
old,nonUnique,insert,increasing,500000,7,68,1988
old,nonUnique,insert_write,increasing,500000,7,34,1988
old,nonUnique,insert,increasing,500000,8,62,1988
old,nonUnique,insert_write,increasing,500000,8,97,1988
old,nonUnique,insert,increasing,500000,9,62,1988
old,nonUnique,insert_write,increasing,500000,9,86,1988
old,nonUnique,insert,increasing,500000,10,63,1988
old,nonUnique,insert_write,increasing,500000,10,84,1988
old,nonUnique,insert,increasing,1000000,0,126,3976
old,nonUnique,insert_write,increasing,1000000,0,286,3976
old,nonUnique,insert,increasing,1000000,1,127,3976
old,nonUnique,insert_write,increasing,1000000,1,279,3976
old,nonUnique,insert,increasing,1000000,2,132,3976
old,nonUnique,insert_write,increasing,1000000,2,202,3976
old,nonUnique,insert,increasing,1000000,3,127,3976
old,nonUnique,insert_write,increasing,1000000,3,254,3976
old,nonUnique,insert,increasing,1000000,4,131,3976
old,nonUnique,insert_write,increasing,1000000,4,232,3976
old,nonUnique,insert,increasing,1000000,5,127,3976
old,nonUnique,insert_write,increasing,1000000,5,251,3976
old,nonUnique,insert,increasing,1000000,6,127,3976
old,nonUnique,insert_write,increasing,1000000,6,338,3976
old,nonUnique,insert,increasing,1000000,7,127,3976
old,nonUnique,insert_write,increasing,1000000,7,277,3976
old,nonUnique,insert,increasing,1000000,8,133,3976
old,nonUnique,insert_write,increasing,1000000,8,221,3976
old,nonUnique,insert,increasing,1000000,9,128,3976
old,nonUnique,insert_write,increasing,1000000,9,254,3976
old,nonUnique,insert,increasing,1000000,10,127,3976
old,nonUnique,insert_write,increasing,1000000,10,256,3976
old,nonUnique,insert,increasing,2000000,0,259,7952
old,nonUnique,insert_write,increasing,2000000,0,592,7952
old,nonUnique,insert,increasing,2000000,1,261,7952
old,nonUnique,insert_write,increasing,2000000,1,591,7952
old,nonUnique,insert,increasing,2000000,2,278,7952
old,nonUnique,insert_write,increasing,2000000,2,538,7952
old,nonUnique,insert,increasing,2000000,3,259,7952
old,nonUnique,insert_write,increasing,2000000,3,602,7952
old,nonUnique,insert,increasing,2000000,4,261,7952
old,nonUnique,insert_write,increasing,2000000,4,597,7952
old,nonUnique,insert,increasing,2000000,5,475,7952
old,nonUnique,insert_write,increasing,2000000,5,509,7952
old,nonUnique,insert,increasing,2000000,6,261,7952
old,nonUnique,insert_write,increasing,2000000,6,470,7952
old,nonUnique,insert,increasing,2000000,7,261,7952
old,nonUnique,insert_write,increasing,2000000,7,584,7952
old,nonUnique,insert,increasing,2000000,8,261,7952
old,nonUnique,insert_write,increasing,2000000,8,517,7952
old,nonUnique,insert,increasing,2000000,9,274,7952
old,nonUnique,insert_write,increasing,2000000,9,587,7952
old,nonUnique,insert,increasing,2000000,10,263,7952
old,nonUnique,insert_write,increasing,2000000,10,647,7952
old,nonUnique,insert,random_nonUnique,100000,0,36,459
old,nonUnique,insert_write,random_nonUnique,100000,0,6,459
old,nonUnique,insert,random_nonUnique,100000,1,36,459
old,nonUnique,insert_write,random_nonUnique,100000,1,6,459
old,nonUnique,insert,random_nonUnique,100000,2,36,459
old,nonUnique,insert_write,random_nonUnique,100000,2,6,459
old,nonUnique,insert,random_nonUnique,100000,3,36,459
old,nonUnique,insert_write,random_nonUnique,100000,3,7,459
old,nonUnique,insert,random_nonUnique,100000,4,36,459
old,nonUnique,insert_write,random_nonUnique,100000,4,6,459
old,nonUnique,insert,random_nonUnique,100000,5,36,459
old,nonUnique,insert_write,random_nonUnique,100000,5,11,459
old,nonUnique,insert,random_nonUnique,100000,6,36,459
old,nonUnique,insert_write,random_nonUnique,100000,6,6,459
old,nonUnique,insert,random_nonUnique,100000,7,36,459
old,nonUnique,insert_write,random_nonUnique,100000,7,6,459
old,nonUnique,insert,random_nonUnique,100000,8,38,459
old,nonUnique,insert_write,random_nonUnique,100000,8,6,459
old,nonUnique,insert,random_nonUnique,100000,9,39,459
old,nonUnique,insert_write,random_nonUnique,100000,9,6,459
old,nonUnique,insert,random_nonUnique,100000,10,36,459
old,nonUnique,insert_write,random_nonUnique,100000,10,6,459
old,nonUnique,insert,random_nonUnique,500000,0,211,2339
old,nonUnique,insert_write,random_nonUnique,500000,0,68,2339
old,nonUnique,insert,random_nonUnique,500000,1,210,2339
old,nonUnique,insert_write,random_nonUnique,500000,1,84,2339
old,nonUnique,insert,random_nonUnique,500000,2,211,2339
old,nonUnique,insert_write,random_nonUnique,500000,2,60,2339
old,nonUnique,insert,random_nonUnique,500000,3,215,2339
old,nonUnique,insert_write,random_nonUnique,500000,3,113,2339
old,nonUnique,insert,random_nonUnique,500000,4,216,2339
old,nonUnique,insert_write,random_nonUnique,500000,4,73,2339
old,nonUnique,insert,random_nonUnique,500000,5,287,2339
old,nonUnique,insert_write,random_nonUnique,500000,5,82,2339
old,nonUnique,insert,random_nonUnique,500000,6,214,2339
old,nonUnique,insert_write,random_nonUnique,500000,6,122,2339
old,nonUnique,insert,random_nonUnique,500000,7,212,2339
old,nonUnique,insert_write,random_nonUnique,500000,7,63,2339
old,nonUnique,insert,random_nonUnique,500000,8,212,2339
old,nonUnique,insert_write,random_nonUnique,500000,8,62,2339
old,nonUnique,insert,random_nonUnique,500000,9,211,2339
old,nonUnique,insert_write,random_nonUnique,500000,9,109,2339
old,nonUnique,insert,random_nonUnique,500000,10,213,2339
old,nonUnique,insert_write,random_nonUnique,500000,10,105,2339
old,nonUnique,insert,random_nonUnique,1000000,0,443,4645
old,nonUnique,insert_write,random_nonUnique,1000000,0,252,4645
old,nonUnique,insert,random_nonUnique,1000000,1,442,4645
old,nonUnique,insert_write,random_nonUnique,1000000,1,242,4645
old,nonUnique,insert,random_nonUnique,1000000,2,464,4645
old,nonUnique,insert_write,random_nonUnique,1000000,2,185,4645
old,nonUnique,insert,random_nonUnique,1000000,3,445,4645
old,nonUnique,insert_write,random_nonUnique,1000000,3,321,4645
old,nonUnique,insert,random_nonUnique,1000000,4,445,4645
old,nonUnique,insert_write,random_nonUnique,1000000,4,305,4645
old,nonUnique,insert,random_nonUnique,1000000,5,441,4645
old,nonUnique,insert_write,random_nonUnique,1000000,5,305,4645
old,nonUnique,insert,random_nonUnique,1000000,6,446,4645
old,nonUnique,insert_write,random_nonUnique,1000000,6,287,4645
old,nonUnique,insert,random_nonUnique,1000000,7,445,4645
old,nonUnique,insert_write,random_nonUnique,1000000,7,295,4645
old,nonUnique,insert,random_nonUnique,1000000,8,444,4645
old,nonUnique,insert_write,random_nonUnique,1000000,8,317,4645
old,nonUnique,insert,random_nonUnique,1000000,9,534,4645
old,nonUnique,insert_write,random_nonUnique,1000000,9,273,4645
old,nonUnique,insert,random_nonUnique,1000000,10,450,4645
old,nonUnique,insert_write,random_nonUnique,1000000,10,310,4645
new,Unique,insert,random,100000,0,168,501
new,Unique,insert_write,random,100000,0,114,501
new,Unique,insert,random,100000,1,73,501
new,Unique,insert_write,random,100000,1,51,501
new,Unique,insert,random,100000,2,66,501
new,Unique,insert_write,random,100000,2,55,501
new,Unique,insert,random,100000,3,76,501
new,Unique,insert_write,random,100000,3,52,501
new,Unique,insert,random,100000,4,54,501
new,Unique,insert_write,random,100000,4,68,501
new,Unique,insert,random,100000,5,54,501
new,Unique,insert_write,random,100000,5,51,501
new,Unique,insert,random,100000,6,54,501
new,Unique,insert_write,random,100000,6,50,501
new,Unique,insert,random,100000,7,54,501
new,Unique,insert_write,random,100000,7,49,501
new,Unique,insert,random,100000,8,54,501
new,Unique,insert_write,random,100000,8,49,501
new,Unique,insert,random,100000,9,56,501
new,Unique,insert_write,random,100000,9,49,501
new,Unique,insert,random,100000,10,79,501
new,Unique,insert_write,random,100000,10,47,501
new,Unique,insert,random,500000,0,424,2418
new,Unique,insert_write,random,500000,0,233,2418
new,Unique,insert,random,500000,1,475,2418
new,Unique,insert_write,random,500000,1,243,2418
new,Unique,insert,random,500000,2,401,2418
new,Unique,insert_write,random,500000,2,231,2418
new,Unique,insert,random,500000,3,392,2418
new,Unique,insert_write,random,500000,3,221,2418
new,Unique,insert,random,500000,4,397,2418
new,Unique,insert_write,random,500000,4,231,2418
new,Unique,insert,random,500000,5,408,2418
new,Unique,insert_write,random,500000,5,240,2418
new,Unique,insert,random,500000,6,438,2418
new,Unique,insert_write,random,500000,6,230,2418
new,Unique,insert,random,500000,7,323,2418
new,Unique,insert_write,random,500000,7,227,2418
new,Unique,insert,random,500000,8,335,2418
new,Unique,insert_write,random,500000,8,228,2418
new,Unique,insert,random,500000,9,311,2418
new,Unique,insert_write,random,500000,9,222,2418
new,Unique,insert,random,500000,10,332,2418
new,Unique,insert_write,random,500000,10,225,2418
new,Unique,insert,random,1000000,0,1083,4811
new,Unique,insert_write,random,1000000,0,623,4811
new,Unique,insert,random,1000000,1,1072,4811
new,Unique,insert_write,random,1000000,1,948,4811
new,Unique,insert,random,1000000,2,904,4811
new,Unique,insert_write,random,1000000,2,701,4811
new,Unique,insert,random,1000000,3,907,4811
new,Unique,insert_write,random,1000000,3,662,4811
new,Unique,insert,random,1000000,4,931,4811
new,Unique,insert_write,random,1000000,4,638,4811
new,Unique,insert,random,1000000,5,902,4811
new,Unique,insert_write,random,1000000,5,645,4811
new,Unique,insert,random,1000000,6,897,4811
new,Unique,insert_write,random,1000000,6,684,4811
new,Unique,insert,random,1000000,7,1030,4811
new,Unique,insert_write,random,1000000,7,615,4811
new,Unique,insert,random,1000000,8,904,4811
new,Unique,insert_write,random,1000000,8,566,4811
new,Unique,insert,random,1000000,9,915,4811
new,Unique,insert_write,random,1000000,9,679,4811
new,Unique,insert,random,1000000,10,902,4811
new,Unique,insert_write,random,1000000,10,726,4811
new,Unique,insert,increasing,500000,0,73,1155
new,Unique,insert_write,increasing,500000,0,96,1155
new,Unique,insert,increasing,500000,1,76,1155
new,Unique,insert_write,increasing,500000,1,96,1155
new,Unique,insert,increasing,500000,2,73,1155
new,Unique,insert_write,increasing,500000,2,89,1155
new,Unique,insert,increasing,500000,3,76,1155
new,Unique,insert_write,increasing,500000,3,114,1155
new,Unique,insert,increasing,500000,4,75,1155
new,Unique,insert_write,increasing,500000,4,89,1155
new,Unique,insert,increasing,500000,5,76,1155
new,Unique,insert_write,increasing,500000,5,99,1155
new,Unique,insert,increasing,500000,6,73,1155
new,Unique,insert_write,increasing,500000,6,94,1155
new,Unique,insert,increasing,500000,7,73,1155
new,Unique,insert_write,increasing,500000,7,166,1155
new,Unique,insert,increasing,500000,8,74,1155
new,Unique,insert_write,increasing,500000,8,82,1155
new,Unique,insert,increasing,500000,9,156,1155
new,Unique,insert_write,increasing,500000,9,100,1155
new,Unique,insert,increasing,500000,10,74,1155
new,Unique,insert_write,increasing,500000,10,100,1155
new,Unique,insert,increasing,1000000,0,159,2307
new,Unique,insert_write,increasing,1000000,0,250,2307
new,Unique,insert,increasing,1000000,1,160,2307
new,Unique,insert_write,increasing,1000000,1,269,2307
new,Unique,insert,increasing,1000000,2,164,2307
new,Unique,insert_write,increasing,1000000,2,269,2307
new,Unique,insert,increasing,1000000,3,162,2307
new,Unique,insert_write,increasing,1000000,3,317,2307
new,Unique,insert,increasing,1000000,4,158,2307
new,Unique,insert_write,increasing,1000000,4,330,2307
new,Unique,insert,increasing,1000000,5,167,2307
new,Unique,insert_write,increasing,1000000,5,317,2307
new,Unique,insert,increasing,1000000,6,159,2307
new,Unique,insert_write,increasing,1000000,6,289,2307
new,Unique,insert,increasing,1000000,7,161,2307
new,Unique,insert_write,increasing,1000000,7,340,2307
new,Unique,insert,increasing,1000000,8,160,2307
new,Unique,insert_write,increasing,1000000,8,245,2307
new,Unique,insert,increasing,1000000,9,158,2307
new,Unique,insert_write,increasing,1000000,9,250,2307
new,Unique,insert,increasing,1000000,10,249,2307
new,Unique,insert_write,increasing,1000000,10,267,2307
new,Unique,insert,increasing,2000000,0,335,4613
new,Unique,insert_write,increasing,2000000,0,541,4613
new,Unique,insert,increasing,2000000,1,345,4613
new,Unique,insert_write,increasing,2000000,1,636,4613
new,Unique,insert,increasing,2000000,2,335,4613
new,Unique,insert_write,increasing,2000000,2,622,4613
new,Unique,insert,increasing,2000000,3,341,4613
new,Unique,insert_write,increasing,2000000,3,620,4613
new,Unique,insert,increasing,2000000,4,514,4613
new,Unique,insert_write,increasing,2000000,4,549,4613
new,Unique,insert,increasing,2000000,5,336,4613
new,Unique,insert_write,increasing,2000000,5,664,4613
new,Unique,insert,increasing,2000000,6,337,4613
new,Unique,insert_write,increasing,2000000,6,576,4613
new,Unique,insert,increasing,2000000,7,333,4613
new,Unique,insert_write,increasing,2000000,7,597,4613
new,Unique,insert,increasing,2000000,8,333,4613
new,Unique,insert_write,increasing,2000000,8,670,4613
new,Unique,insert,increasing,2000000,9,334,4613
new,Unique,insert_write,increasing,2000000,9,566,4613
new,Unique,insert,increasing,2000000,10,333,4613
new,Unique,insert_write,increasing,2000000,10,650,4613
new,Unique,search,increasing,100000,0,160,232
new,Unique,search,increasing,100000,1,35,232
new,Unique,search,increasing,100000,2,19,232
new,Unique,search,increasing,100000,3,18,232
new,Unique,search,increasing,100000,4,18,232
new,Unique,search,increasing,100000,5,19,232
new,Unique,search,increasing,100000,6,18,232
new,Unique,search,increasing,100000,7,18,232
new,Unique,search,increasing,100000,8,18,232
new,Unique,search,increasing,100000,9,71,232
new,Unique,search,increasing,100000,10,21,232
new,Unique,search,increasing,500000,0,106,1154
new,Unique,search,increasing,500000,1,156,1154
new,Unique,search,increasing,500000,2,105,1154
new,Unique,search,increasing,500000,3,166,1154
new,Unique,search,increasing,500000,4,105,1154
new,Unique,search,increasing,500000,5,119,1154
new,Unique,search,increasing,500000,6,113,1154
new,Unique,search,increasing,500000,7,118,1154
new,Unique,search,increasing,500000,8,107,1154
new,Unique,search,increasing,500000,9,116,1154
new,Unique,search,increasing,500000,10,111,1154
new,Unique,search,increasing,1000000,0,311,2307
new,Unique,search,increasing,1000000,1,332,2307
new,Unique,search,increasing,1000000,2,238,2307
new,Unique,search,increasing,1000000,3,236,2307
new,Unique,search,increasing,1000000,4,237,2307
new,Unique,search,increasing,1000000,5,238,2307
new,Unique,search,increasing,1000000,6,234,2307
new,Unique,search,increasing,1000000,7,235,2307
new,Unique,search,increasing,1000000,8,235,2307
new,Unique,search,increasing,1000000,9,216,2307
new,Unique,search,increasing,1000000,10,218,2307
new,Unique,remove,increasing,200000,0,338,62
new,Unique,remove,increasing,200000,1,126,61
new,Unique,remove,increasing,200000,2,127,59
new,Unique,remove,increasing,200000,3,123,61
new,Unique,remove,increasing,200000,4,128,64
new,Unique,remove,increasing,200000,5,127,61
new,Unique,remove,increasing,200000,6,124,62
new,Unique,remove,increasing,200000,7,125,60
new,Unique,remove,increasing,200000,8,124,62
new,Unique,remove,increasing,200000,9,123,63
new,Unique,remove,increasing,200000,10,148,60
new,Unique,remove,random,200000,0,132,96
new,Unique,remove,random,200000,1,134,96
new,Unique,remove,random,200000,2,131,98
new,Unique,remove,random,200000,3,131,97
new,Unique,remove,random,200000,4,132,97
new,Unique,remove,random,200000,5,134,97
new,Unique,remove,random,200000,6,131,96
new,Unique,remove,random,200000,7,127,98
new,Unique,remove,random,200000,8,133,93
new,Unique,remove,random,200000,9,128,95
new,Unique,remove,random,200000,10,136,96
new,Unique,remove,increasing,500000,0,460,149
new,Unique,remove,increasing,500000,1,462,151
new,Unique,remove,increasing,500000,2,464,152
new,Unique,remove,increasing,500000,3,458,153
new,Unique,remove,increasing,500000,4,460,150
new,Unique,remove,increasing,500000,5,457,150
new,Unique,remove,increasing,500000,6,458,153
new,Unique,remove,increasing,500000,7,461,147
new,Unique,remove,increasing,500000,8,452,151
new,Unique,remove,increasing,500000,9,454,153
new,Unique,remove,increasing,500000,10,453,149
new,Unique,remove,random,500000,0,504,238
new,Unique,remove,random,500000,1,510,234
new,Unique,remove,random,500000,2,516,232
new,Unique,remove,random,500000,3,497,235
new,Unique,remove,random,500000,4,486,233
new,Unique,remove,random,500000,5,496,235
new,Unique,remove,random,500000,6,492,231
new,Unique,remove,random,500000,7,489,237
new,Unique,remove,random,500000,8,488,235
new,Unique,remove,random,500000,9,480,239
new,Unique,remove,random,500000,10,486,237
new,Unique,remove,increasing,1000000,0,1375,294
new,Unique,remove,increasing,1000000,1,1410,306
new,Unique,remove,increasing,1000000,2,1435,299
new,Unique,remove,increasing,1000000,3,1402,304
new,Unique,remove,increasing,1000000,4,1378,298
new,Unique,remove,increasing,1000000,5,1376,302
new,Unique,remove,increasing,1000000,6,1406,302
new,Unique,remove,increasing,1000000,7,1379,300
new,Unique,remove,increasing,1000000,8,1382,300
new,Unique,remove,increasing,1000000,9,1378,298
new,Unique,remove,increasing,1000000,10,1380,300
new,Unique,remove,random,1000000,0,1324,471
new,Unique,remove,random,1000000,1,1351,473
new,Unique,remove,random,1000000,2,1342,462
new,Unique,remove,random,1000000,3,1317,471
new,Unique,remove,random,1000000,4,1323,469
new,Unique,remove,random,1000000,5,1315,467
new,Unique,remove,random,1000000,6,1324,468
new,Unique,remove,random,1000000,7,1374,470
new,Unique,remove,random,1000000,8,1391,466
new,Unique,remove,random,1000000,9,1453,467
new,Unique,remove,random,1000000,10,1329,473
new,nonUnique,insert,random,100000,0,603,504
new,nonUnique,insert_write,random,100000,0,63,504
new,nonUnique,insert,random,100000,1,60,504
new,nonUnique,insert_write,random,100000,1,46,504
new,nonUnique,insert,random,100000,2,59,504
new,nonUnique,insert_write,random,100000,2,46,504
new,nonUnique,insert,random,100000,3,65,504
new,nonUnique,insert_write,random,100000,3,46,504
new,nonUnique,insert,random,100000,4,61,504
new,nonUnique,insert_write,random,100000,4,61,504
new,nonUnique,insert,random,100000,5,58,504
new,nonUnique,insert_write,random,100000,5,64,504
new,nonUnique,insert,random,100000,6,60,504
new,nonUnique,insert_write,random,100000,6,72,504
new,nonUnique,insert,random,100000,7,61,504
new,nonUnique,insert_write,random,100000,7,72,504
new,nonUnique,insert,random,100000,8,56,504
new,nonUnique,insert_write,random,100000,8,65,504
new,nonUnique,insert,random,100000,9,60,504
new,nonUnique,insert_write,random,100000,9,66,504
new,nonUnique,insert,random,100000,10,55,504
new,nonUnique,insert_write,random,100000,10,69,504
new,nonUnique,insert,random,500000,0,442,2418
new,nonUnique,insert_write,random,500000,0,308,2418
new,nonUnique,insert,random,500000,1,423,2418
new,nonUnique,insert_write,random,500000,1,318,2418
new,nonUnique,insert,random,500000,2,421,2418
new,nonUnique,insert_write,random,500000,2,315,2418
new,nonUnique,insert,random,500000,3,412,2418
new,nonUnique,insert_write,random,500000,3,349,2418
new,nonUnique,insert,random,500000,4,417,2418
new,nonUnique,insert_write,random,500000,4,328,2418
new,nonUnique,insert,random,500000,5,421,2418
new,nonUnique,insert_write,random,500000,5,486,2418
new,nonUnique,insert,random,500000,6,342,2418
new,nonUnique,insert_write,random,500000,6,335,2418
new,nonUnique,insert,random,500000,7,333,2418
new,nonUnique,insert_write,random,500000,7,366,2418
new,nonUnique,insert,random,500000,8,343,2418
new,nonUnique,insert_write,random,500000,8,358,2418
new,nonUnique,insert,random,500000,9,342,2418
new,nonUnique,insert_write,random,500000,9,421,2418
new,nonUnique,insert,random,500000,10,337,2418
new,nonUnique,insert_write,random,500000,10,382,2418
new,nonUnique,insert,random,1000000,0,1122,4792
new,nonUnique,insert_write,random,1000000,0,821,4792
new,nonUnique,insert,random,1000000,1,1917,4792
new,nonUnique,insert_write,random,1000000,1,764,4792
new,nonUnique,insert,random,1000000,2,949,4792
new,nonUnique,insert_write,random,1000000,2,758,4792
new,nonUnique,insert,random,1000000,3,948,4792
new,nonUnique,insert_write,random,1000000,3,752,4792
new,nonUnique,insert,random,1000000,4,948,4792
new,nonUnique,insert_write,random,1000000,4,794,4792
new,nonUnique,insert,random,1000000,5,951,4792
new,nonUnique,insert_write,random,1000000,5,745,4792
new,nonUnique,insert,random,1000000,6,947,4792
new,nonUnique,insert_write,random,1000000,6,757,4792
new,nonUnique,insert,random,1000000,7,979,4792
new,nonUnique,insert_write,random,1000000,7,961,4792
new,nonUnique,insert,random,1000000,8,947,4792
new,nonUnique,insert_write,random,1000000,8,766,4792
new,nonUnique,insert,random,1000000,9,947,4792
new,nonUnique,insert_write,random,1000000,9,767,4792
new,nonUnique,insert,random,1000000,10,967,4792
new,nonUnique,insert_write,random,1000000,10,710,4792
new,nonUnique,insert,increasing,500000,0,88,1157
new,nonUnique,insert_write,increasing,500000,0,157,1157
new,nonUnique,insert,increasing,500000,1,96,1157
new,nonUnique,insert_write,increasing,500000,1,86,1157
new,nonUnique,insert,increasing,500000,2,90,1157
new,nonUnique,insert_write,increasing,500000,2,136,1157
new,nonUnique,insert,increasing,500000,3,87,1157
new,nonUnique,insert_write,increasing,500000,3,88,1157
new,nonUnique,insert,increasing,500000,4,86,1157
new,nonUnique,insert_write,increasing,500000,4,146,1157
new,nonUnique,insert,increasing,500000,5,87,1157
new,nonUnique,insert_write,increasing,500000,5,80,1157
new,nonUnique,insert,increasing,500000,6,86,1157
new,nonUnique,insert_write,increasing,500000,6,121,1157
new,nonUnique,insert,increasing,500000,7,88,1157
new,nonUnique,insert_write,increasing,500000,7,158,1157
new,nonUnique,insert,increasing,500000,8,86,1157
new,nonUnique,insert_write,increasing,500000,8,90,1157
new,nonUnique,insert,increasing,500000,9,87,1157
new,nonUnique,insert_write,increasing,500000,9,177,1157
new,nonUnique,insert,increasing,500000,10,155,1157
new,nonUnique,insert_write,increasing,500000,10,81,1157
new,nonUnique,insert,increasing,1000000,0,180,2312
new,nonUnique,insert_write,increasing,1000000,0,257,2312
new,nonUnique,insert,increasing,1000000,1,178,2312
new,nonUnique,insert_write,increasing,1000000,1,337,2312
new,nonUnique,insert,increasing,1000000,2,187,2312
new,nonUnique,insert_write,increasing,1000000,2,323,2312
new,nonUnique,insert,increasing,1000000,3,181,2312
new,nonUnique,insert_write,increasing,1000000,3,310,2312
new,nonUnique,insert,increasing,1000000,4,184,2312
new,nonUnique,insert_write,increasing,1000000,4,285,2312
new,nonUnique,insert,increasing,1000000,5,180,2312
new,nonUnique,insert_write,increasing,1000000,5,286,2312
new,nonUnique,insert,increasing,1000000,6,182,2312
new,nonUnique,insert_write,increasing,1000000,6,253,2312
new,nonUnique,insert,increasing,1000000,7,187,2312
new,nonUnique,insert_write,increasing,1000000,7,350,2312
new,nonUnique,insert,increasing,1000000,8,179,2312
new,nonUnique,insert_write,increasing,1000000,8,389,2312
new,nonUnique,insert,increasing,1000000,9,180,2312
new,nonUnique,insert_write,increasing,1000000,9,278,2312
new,nonUnique,insert,increasing,1000000,10,187,2312
new,nonUnique,insert_write,increasing,1000000,10,331,2312
new,nonUnique,insert,increasing,2000000,0,373,4622
new,nonUnique,insert_write,increasing,2000000,0,1115,4622
new,nonUnique,insert,increasing,2000000,1,380,4622
new,nonUnique,insert_write,increasing,2000000,1,865,4622
new,nonUnique,insert,increasing,2000000,2,376,4622
new,nonUnique,insert_write,increasing,2000000,2,859,4622
new,nonUnique,insert,increasing,2000000,3,370,4622
new,nonUnique,insert_write,increasing,2000000,3,866,4622
new,nonUnique,insert,increasing,2000000,4,520,4622
new,nonUnique,insert_write,increasing,2000000,4,860,4622
new,nonUnique,insert,increasing,2000000,5,370,4622
new,nonUnique,insert_write,increasing,2000000,5,863,4622
new,nonUnique,insert,increasing,2000000,6,375,4622
new,nonUnique,insert_write,increasing,2000000,6,865,4622
new,nonUnique,insert,increasing,2000000,7,371,4622
new,nonUnique,insert_write,increasing,2000000,7,889,4622
new,nonUnique,insert,increasing,2000000,8,381,4622
new,nonUnique,insert_write,increasing,2000000,8,944,4622
new,nonUnique,insert,increasing,2000000,9,369,4622
new,nonUnique,insert_write,increasing,2000000,9,822,4622
new,nonUnique,insert,increasing,2000000,10,372,4622
new,nonUnique,insert_write,increasing,2000000,10,831,4622
new,nonUnique,insert,random_nonUnique,100000,0,77,263
new,nonUnique,insert_write,random_nonUnique,100000,0,20,263
new,nonUnique,insert,random_nonUnique,100000,1,76,263
new,nonUnique,insert_write,random_nonUnique,100000,1,12,263
new,nonUnique,insert,random_nonUnique,100000,2,79,263
new,nonUnique,insert_write,random_nonUnique,100000,2,12,263
new,nonUnique,insert,random_nonUnique,100000,3,76,263
new,nonUnique,insert_write,random_nonUnique,100000,3,12,263
new,nonUnique,insert,random_nonUnique,100000,4,76,263
new,nonUnique,insert_write,random_nonUnique,100000,4,12,263
new,nonUnique,insert,random_nonUnique,100000,5,112,263
new,nonUnique,insert_write,random_nonUnique,100000,5,11,263
new,nonUnique,insert,random_nonUnique,100000,6,76,263
new,nonUnique,insert_write,random_nonUnique,100000,6,17,263
new,nonUnique,insert,random_nonUnique,100000,7,76,263
new,nonUnique,insert_write,random_nonUnique,100000,7,14,263
new,nonUnique,insert,random_nonUnique,100000,8,76,263
new,nonUnique,insert_write,random_nonUnique,100000,8,14,263
new,nonUnique,insert,random_nonUnique,100000,9,76,263
new,nonUnique,insert_write,random_nonUnique,100000,9,14,263
new,nonUnique,insert,random_nonUnique,100000,10,76,263
new,nonUnique,insert_write,random_nonUnique,100000,10,13,263
new,nonUnique,insert,random_nonUnique,500000,0,454,1304
new,nonUnique,insert_write,random_nonUnique,500000,0,211,1304
new,nonUnique,insert,random_nonUnique,500000,1,452,1304
new,nonUnique,insert_write,random_nonUnique,500000,1,159,1304
new,nonUnique,insert,random_nonUnique,500000,2,450,1304
new,nonUnique,insert_write,random_nonUnique,500000,2,45,1304
new,nonUnique,insert,random_nonUnique,500000,3,457,1304
new,nonUnique,insert_write,random_nonUnique,500000,3,125,1304
new,nonUnique,insert,random_nonUnique,500000,4,453,1304
new,nonUnique,insert_write,random_nonUnique,500000,4,388,1304
new,nonUnique,insert,random_nonUnique,500000,5,450,1304
new,nonUnique,insert_write,random_nonUnique,500000,5,142,1304
new,nonUnique,insert,random_nonUnique,500000,6,452,1304
new,nonUnique,insert_write,random_nonUnique,500000,6,143,1304
new,nonUnique,insert,random_nonUnique,500000,7,449,1304
new,nonUnique,insert_write,random_nonUnique,500000,7,169,1304
new,nonUnique,insert,random_nonUnique,500000,8,448,1304
new,nonUnique,insert_write,random_nonUnique,500000,8,149,1304
new,nonUnique,insert,random_nonUnique,500000,9,449,1304
new,nonUnique,insert_write,random_nonUnique,500000,9,174,1304
new,nonUnique,insert,random_nonUnique,500000,10,449,1304
new,nonUnique,insert_write,random_nonUnique,500000,10,161,1304
new,nonUnique,insert,random_nonUnique,1000000,0,941,2612
new,nonUnique,insert_write,random_nonUnique,1000000,0,611,2612
new,nonUnique,insert,random_nonUnique,1000000,1,951,2612
new,nonUnique,insert_write,random_nonUnique,1000000,1,514,2612
new,nonUnique,insert,random_nonUnique,1000000,2,949,2612
new,nonUnique,insert_write,random_nonUnique,1000000,2,524,2612
new,nonUnique,insert,random_nonUnique,1000000,3,1017,2612
new,nonUnique,insert_write,random_nonUnique,1000000,3,436,2612
new,nonUnique,insert,random_nonUnique,1000000,4,950,2612
new,nonUnique,insert_write,random_nonUnique,1000000,4,539,2612
new,nonUnique,insert,random_nonUnique,1000000,5,950,2612
new,nonUnique,insert_write,random_nonUnique,1000000,5,624,2612
new,nonUnique,insert,random_nonUnique,1000000,6,944,2612
new,nonUnique,insert_write,random_nonUnique,1000000,6,529,2612
new,nonUnique,insert,random_nonUnique,1000000,7,954,2612
new,nonUnique,insert_write,random_nonUnique,1000000,7,510,2612
new,nonUnique,insert,random_nonUnique,1000000,8,947,2612
new,nonUnique,insert_write,random_nonUnique,1000000,8,527,2612
new,nonUnique,insert,random_nonUnique,1000000,9,945,2612
new,nonUnique,insert_write,random_nonUnique,1000000,9,743,2612
new,nonUnique,insert,random_nonUnique,1000000,10,939,2612
new,nonUnique,insert_write,random_nonUnique,1000000,10,715,2612
